id,name,category,diocese,address,region,lat,lng
가실성당,가실성당,순례지,대구대교구,경상북도 칠곡군 왜관읍 가실1길 1,경상북,35.9368165681084,128.404922613249
가톨릭대학교-성신교정-순례지,가톨릭대학교 성신교정 (순례지),순례지,서울대교구,서울특별시 종로구 창경궁로 296-12 (혜화동),서울,37.5849009775207,127.004770664086
가톨릭목포성지,가톨릭목포성지,순교사적지,광주대교구,전라남도 목포시 노송길 35,전라남,34.7997099484571,126.385890842334
가회동-성당-순례지,가회동 성당 (순례지),순례지,서울대교구,서울특별시 종로구 북촌로 57 (가회동),서울,37.5820334750063,126.984646765261
갈곡리-성당,갈곡리 성당,순교사적지,의정부교구,경기도 파주시 법원읍 화합로466번길 25,경기,37.8460686523881,126.915145521735
갈매못순교성지,갈매못순교성지,성지,대전교구,충청남도 보령시 오천면 오천해안로 610,충청남,36.4282110323336,126.508019046774
감곡-매괴-성모-순례지,감곡 매괴 성모 순례지,순례지,청주교구,충북 음성군 감곡면 성당길 10,충북,37.1224445209485,127.641337717917
갑곶-순교-성지,갑곶 순교 성지,성지,인천교구,인천광역시 강화군 강화읍 해안동로1366번길 35,인천,37.7340911300705,126.517438004224
용산-성직자-묘지,용산 성직자 묘지,순례지,서울교구,서울특별시 용산구 효창원로 15길 37,서울,37.5367947003806,126.952304449698
강릉대도호부-관아,강릉대도호부 관아,순례지,춘천교구,강원특별자치도 강릉시 임영로131번길 6 (용강동),강원,37.7529472198585,128.891906196087
강원-감영,강원 감영,순교사적지,원주교구,강원특별자치도 원주시 원일로 85 (일산동),강원,37.347972513213655,127.95041515330618
고창-개갑-순교성지,고창 개갑 순교성지,순교사적지,전주교구,전북특별자치도 고창군 공음면 선운대로 91 (석교리 157-1),전북,35.3860452975838,126.504274538426
겟세마니-피정의-집-신앙의-증인-사제-조선희-필립보,겟세마니 피정의 집 (신앙의 증인 사제 조선희 필립보),순례지,춘천교구,강원특별자치도 인제군 남면 빙어마을길 196,강원,37.9987453276566,128.096904701668
경기감영-터,경기감영 터,순교사적지,서울대교구,서울특별시 종로구 통일로 134 (평동),서울,37.5667350238449,126.966357200132
경상-감영과-옥-터,경상 감영과 옥 터,순교사적지,대구대교구,대구광역시 중구 서성로16길 77 (대안동),대구,35.873503027032,128.592098182956
경주-관아와-옥-터,경주 관아와 옥 터,순교사적지,대구대교구,경상북도 경주시 북문로55번길 24 (성건동),경상북,35.8523971202092,129.208786078552
곡성성당-옥터,곡성성당 옥터,순교사적지,광주대교구,전라남도 곡성군 곡성읍 읍내11길 20,전라남,35.2823674315922,127.292942364998
곰실-공소-춘천교구의-요람,곰실 공소 (춘천교구의 요람),순례지,춘천교구,강원특별자치도 춘천시 동내면 동내로 220,강원,37.8483919351352,127.775083233466
공세리성당,공세리성당,성지,대전교구,충청남도 아산시 인주면 공세리성당길 10,충청남,36.8819461199389,126.913978495622
관덕정-순교-터,관덕정 순교 터,순례지,제주교구,제주특별자치도 제주시 관덕로 19 (삼도이동) 가톨릭회관 3층,제주,33.5133680610848,126.521474544312
관덕정순교기념관,관덕정순교기념관,성지,대구대교구,대구광역시 중구 관덕정길 11 (남산동),대구,35.8651387042635,128.591125655662
한국-천주교-순교자-124위-시복-터-순례지,한국 천주교 순교자 124위 시복 터 (순례지),순례지,서울대교구,서울특별시 종로구 세종대로 175 (세종로) 광화문 광장 북측,서울,37.5718478584908,126.976168275947
광희문-성지,광희문 성지,성지,서울대교구,서울특별시 중구 광희동2가 105-32,서울,37.5643793270622,127.009971310462
복자-정찬문-안토니오-묘소,복자 정찬문 안토니오 묘소,순교사적지,마산교구,경상남도 진주시 사봉면 동부로1751번길 46-6,경상남,35.1836642015613,128.26366253802
구룡공소,구룡공소,순례지,대구대교구,경상북도 청도군 운문면 구룡마을길 361-5,경상북,35.8309765671086,128.966574285562
구산성지,구산성지,성지,수원교구,경기도 하남시 미사강변북로 99 (망월동),경기,37.57237281711,127.188781034704
금광리-공소,금광리 공소,순례지,춘천교구,강원특별자치도 강릉시 구정면 금평로 514,강원,37.6987009997855,128.914780601266
김기량-순교-기념관,김기량 순교 기념관,순교사적지,제주교구,제주특별자치도 제주시 조천읍 일주동로 1216,제주,33.5369250739217,126.670530990615
김범우-순교자-성지-성모-동굴-성당,김범우 순교자 성지 (성모 동굴 성당),성지,부산교구,경상남도 밀양시 삼랑진읍 사기점길 50-100,경상남,35.4380196165035,128.834693852764
김범우의-집-터,김범우의 집 터,순교사적지,서울대교구,서울특별시 중구 을지로 66 (을지로2가) 외환은행 본점 앞,서울,37.5651546444578,126.985010733916
김수환-추기경-사랑과-나눔공원,김수환 추기경 사랑과 나눔공원,순례지,대구대교구,경상북도 군위군 군위읍 군위금성로 270,경상북,36.2324095934486,128.599168698329
김제순교성지,김제순교성지,순교사적지,전주교구,전북특별자치도 김제시 신풍길 253-16 (요촌동),전북,35.7972647011629,126.889300401337
김천황금성당,김천황금성당,순례지,대구대교구,경상북도 김천시 학사대길 64 (황금동),경상북,36.1162755028952,128.121290810656
나바위성지,나바위성지,순교사적지,전주교구,전북특별자치도 익산시 망성면 나바위1길 146,전북,36.1390182735146,126.998671854172
나주-순교자-기념성당,나주 순교자 기념성당,순교사적지,광주대교구,전라남도 나주시 박정길 3 (산정동),전라남,35.0361409822548,126.714683946491
남방제성지,남방제성지,순교사적지,대전교구,충청남도 아산시 신창면 서부북로 763-42,충청남,36.7988156049985,126.946104593658
남양성모성지,남양성모성지,성지,수원교구,경기도 화성시 남양읍 남양성지로 112,경기,37.2064311797566,126.816873517148
남한산성-순교성지,남한산성 순교성지,성지,수원교구,경기도 광주시 중부면 남한산성로 763-58,경기,37.4772000362614,127.185907410891
노고산-성지,노고산 성지,성지,서울대교구,서울특별시 마포구 백범로 35 (신수동) 서강대학교 가브리엘관 앞,서울,37.5514649610226,126.942979960696
홍유한-고택지,홍유한 고택지,순례지,안동교구,경상북도 영주시 단산면 구구로 239-6,경상북,36.9074674351987,128.624740742305
청양다락골성지,청양다락골성지,성지,대전교구,충청남도 청양군 화성면 다락골길 78-6,충청남,36.4434633732775,126.692488928185
단내성가정성지,단내성가정성지,성지,수원교구,경기도 이천시 호법면 이섭대천로155번길 38-13,경기,37.2196890434083,127.394708266114
답동-주교좌-성당,답동 주교좌 성당,순례지,인천교구,인천광역시 중구 우현로50번길 2 (답동),인천,37.471525016502,126.629856024468
당고개-순교성지,당고개 순교성지,성지,서울대교구,서울특별시 용산구 청파로 139-26 (신계동),서울,37.5355901177172,126.966963049251
대산성당,대산성당,성지,마산교구,경상남도 함안군 대산면 대산중앙로 183,경상남,35.3502761687886,128.430468993415
대안리-공소,대안리 공소,순례지,원주교구,강원특별자치도 원주시 흥업면 승안동길 216,강원,37.308101625773,127.880385420219
대정-성지-정난주-마리아의-묘,대정 성지 (정난주 마리아의 묘),순례지,제주교구,제주특별자치도 서귀포시 대정읍 추사로247번길 102,제주,33.2535554629499,126.260771620886
대흥봉수산순교성지,대흥봉수산순교성지,성지,대전교구,충청남도 예산군 대흥면 의좋은형제길 25-14,충청남,36.6061384276881,126.788779836082
도앙골-성지,도앙골 성지,순교사적지,대전교구,충청남도 부여군 내산면 금지로 302,충청남,36.2623633868858,126.733997489612
마원-성지,마원 성지,성지,안동교구,경상북도 문경시 문경읍 오서길 73,경상북,36.7237112870024,128.10115528292
마재-성가정-성지,마재 성가정 성지,순교사적지,의정부교구,경기도 남양주시 조안면 다산로 698-44,경기,37.521589253368,127.296065336778
멍에목-성지,멍에목 성지,순교사적지,청주교구,충청북도 보은군 속리산면 구병길 18,충청북,36.479557975647,127.872419865486
명동대성당,명동대성당,성지,서울대교구,서울특별시 중구 명동길 74 (명동2가),서울,37.5636758699882,126.986775823267
명례-성지,명례 성지,성지,마산교구,경상남도 밀양시 하남읍 명례안길 44-3,경상남,35.3505719166605,128.765386921875
성-남종삼-요한--순교자-남상교-아우구스티노-유택지,성 남종삼 요한 · 순교자 남상교 아우구스티노 유택지,순교사적지,원주교구,충청북도 제천시 봉양읍 제원로10길 15-7,충청북,37.1867409632874,128.100312015091
묵호-순례-성당,묵호 순례 성당,순교사적지,춘천교구,강원특별자치도 동해시 발한로 161 (발한동),강원,37.5469498700705,129.103827465971
미리내성지,미리내성지,성지,수원교구,경기도 안성시 양성면 미리내성지로 420,경기,37.1484307809296,127.259142006848
배나드리성지,배나드리성지,순교사적지,대전교구,충청남도 예산군 삽교읍 용동리 270-23,충청남,36.711138150353,126.722778248069
배티-순교-성지,배티 순교 성지,성지,청주교구,충청북도 진천군 백곡면 배티로 663-13,충청북,36.9265969434278,127.327987608616
복자-윤봉문-요셉-성지,복자 윤봉문 요셉 성지,성지,마산교구,경상남도 거제시 일운면 지세포3길 69-22,경상남,34.8240379872472,128.695923269531
복자성당,복자성당,성지,대구대교구,대구광역시 동구 송라로 22 (신천동),대구,35.8687642452647,128.621349141579
비산날뫼성당,비산(날뫼)성당,순교사적지,대구대교구,대구광역시 서구 북비산로67길 31 (비산동),대구,35.8833910721307,128.57081086471
산막골성지--작은재성지,산막골성지 / 작은재성지,순교사적지,대전교구,충청남도 서천군 판교면 금덕길81번길 117,충청남,36.1601871204372,126.709693849056
살티-공소,살티 공소,순례지,부산교구,울산광역시 울주군 상북면 덕현살티길 11,울산,35.6110922195417,129.040916004404
삼성산-성지,삼성산 성지,성지,서울대교구,서울특별시 관악구 호암로 454-16 (신림동),서울,37.4568520028086,126.92914622824
삽티-성지,삽티 성지,순교사적지,대전교구,충청남도 부여군 홍산면 삽티로 489-6,충청남,36.2562601262333,126.744991198437
상주-옥터,상주 옥터,순교사적지,안동교구,경상북도 상주시 남문2길 89-15 (성동동),경상북,36.4139050636844,128.164178566724
신앙-고백비,신앙 고백비,순례지,안동교구,경상북도 상주시 청리면 삼괴3길 108,경상북,36.3663103287236,128.117753617372
새남터-순교성지,새남터 순교성지,성지,서울대교구,서울특별시 용산구 이촌로 80-8 (이촌동),서울,37.5251265802093,126.957071719901
새미-은총의-동산,새미 은총의 동산,순례지,제주교구,제주특별자치도 제주시 한림읍 새미소길 15,제주,33.3478285739475,126.324299269771
새방골성당,새방골성당,순례지,대구대교구,대구광역시 서구 새방로27길 9 (상리동),대구,35.8681365084782,128.528496370115
서소문-밖-네거리-순교성지,서소문 밖 네거리 순교성지,성지,서울대교구,서울특별시 중구 칠패로 5 서소문성지 역사박물관,서울,37.5605678517575,126.968867161039
원동-주교좌성당,원동 주교좌성당,순례지,원주교구,강원특별자치도 원주시 원일로 27,강원,37.3457020154493,127.952631305055
서짓골-성지,서짓골 성지,순교사적지,대전교구,충청남도 보령시 미산면 보령호로 238,충청남,36.2311152264916,126.65839957893
서천교순교터,서천교순교터,순교사적지,전주교구,전북특별자치도 전주시 완산구 전주천서로 189 서완산동1가 351-1 주변,전북,35.812380054082,127.140766213649
왜고개성지,왜고개성지,성지,서울대교구,서울특별시 용산구 한강대로 40길 46,서울,37.5299023906702,126.971925272204
성-남종삼-요한과-가족-순교자-묘소,성 남종삼 요한과 가족 순교자 묘소,순교사적지,의정부교구,경기도 양주시 장흥면 울대리 산 22-2 의령남씨 가족 묘소,경기,37.7376901434302,126.995540839369
성-유스티노-신학교,성 유스티노 신학교,순례지,대구대교구,대구광역시 중구 명륜로12길 47 (남산동),대구,35.8613361583137,128.58751501938
성거산성지,성거산성지,성지,대전교구,충청남도 천안시 서북구 입장면 위례산길 394,충청남,36.8767963053883,127.238992579057
성내동-성당,성내동 성당,순교사적지,원주교구,강원특별자치도 삼척시 성당길 34-84,강원,37.4435731274782,129.162249030421
성모-순례지성모당,성모 순례지(성모당),순례지,인천교구,인천광역시 동구 박문로 1 (송림동),인천,37.4706891169897,126.651839572554
성모당,성모당,순례지,대구대교구,대구광역시 중구 남산로4길 112 (남산동),대구,35.8598438478875,128.587884220211
배론-성지,배론 성지,성지,원주교구,충청북도 제천시 봉양읍 배론성지길 296,충청북,37.1595280670346,128.083880697199
성직자-묘지,성직자 묘지,순례지,대구대교구,대구광역시 중구 남산로4길 112 (남산동),대구,35.8598438478875,128.587884220211
성체-순례-성지,성체 순례 성지,순례지,인천교구,"경기도 김포시 북변로 29-12 (북변동), 김포성당 내",경기,37.6296433071257,126.708292293721
소양로-순례-성당,소양로 순례 성당,순교사적지,춘천교구,강원특별자치도 춘천시 모수물길22번길 26 (소양로2가),강원,37.8877999903352,127.728289679837
손골성지,손골성지,순교사적지,수원교구,경기도 용인시 수지구 동천로437번길 67,경기,37.3442395148356,127.052499754014
솔뫼성지,솔뫼성지,순교사적지,대전교구,충청남도 당진시 우강면 솔뫼로 132,충청남,36.8195253897979,126.786517312664
수리산성지,수리산성지,성지,수원교구,경기도 안양시 만안구 병목안로 408,경기,37.3702389804549,126.905396522251
수리치골-성모성지,수리치골 성모성지,순교사적지,대전교구,충청남도 공주시 신풍면 용수봉갑길 522,충청남,36.5169573797468,126.89712584642
수영-장대-순교-성지,수영 장대 순교 성지,성지,부산교구,부산광역시 수영구 광안동 546-4,부산,35.1592763087983,129.107387750554
수원화성순교성지,수원화성순교성지,성지,수원교구,경기도 수원시 팔달구 정조로 842 (북수동),경기,37.2830666770683,127.016672751932
복자-박대식-빅토리노-묘,복자 박대식 빅토리노 묘,순교사적지,마산교구,경상남도 김해시 진례면 청천리 산 30,경상남,35.2710260827707,128.74101275482
순교자-라-파트리치오-신부-순교터,순교자 라 파트리치오 신부 순교터,순교사적지,춘천교구,강원특별자치도 강릉시 옥계면 낙풍리 산 16-2,강원,37.6348281048325,129.022307073719
순교자의-딸-유섬이-묘,순교자의 딸 유섬이 묘,순례지,마산교구,경상남도 거제시 거제면 내간리 산53-2 (주차: 송곡1길 92),경상남,34.8497419071958,128.554526846137
신나무골-성지,신나무골 성지,성지,대구대교구,경상북도 칠곡군 지천면 칠곡대로 2189-22,경상북,35.9669238228173,128.462034769015
신리성지,신리성지,순교사적지,대전교구,충청남도 당진시 합덕읍 평야6로 135,충청남,36.7626160025731,126.771105162388
신암리-성당,신암리 성당,순교사적지,의정부교구,경기도 양주시 남면 감악산로489번길 27-32,경기,37.9039957333047,126.959900095389
양근성지,양근성지,성지,수원교구,경기도 양평군 양평읍 물안개공원길 37,경기,37.5000183621903,127.474996138143
양양-성지,양양 성지,순교사적지,춘천교구,강원특별자치도 양양군 양양읍 군청길 17,강원,38.0765642722618,128.620711402361
양주-순교성지,양주 순교성지,순교사적지,의정부교구,경기도 양주시 부흥로1399번길 62 (유양동),경기,37.7857833365594,127.032286591819
어농성지,어농성지,성지,수원교구,경기도 이천시 모가면 어농로62번길 148,경기,37.1903182681025,127.429605700328
언양-성당,언양 성당,순례지,부산교구,울산광역시 울주군 언양읍 구교동1길 11,울산,35.5698531624879,129.115135807438
여사울성지,여사울성지,순교사적지,대전교구,충청남도 예산군 신암면 신종여사울길 22,충청남,36.7566889727906,126.823880470938
여산-하늘의-문-성당,여산 하늘의 문 성당,성지,전주교구,전북특별자치도 익산시 여산면 영전길 14,전북,36.0601546545949,127.085140964418
여우목-성지,여우목 성지,순교사적지,안동교구,경상북도 문경시 문경읍 중평리 96,경상북,36.8000583373889,128.211271792566
연풍-순교-성지,연풍 순교 성지,성지,청주교구,충청북도 괴산군 연풍면 중앙로홍문2길 14,충청북,36.7638738503453,127.993875733142
영광순교자기념성당,영광순교자기념성당,순교사적지,광주대교구,전라남도 영광군 영광읍 중앙로2길 40,전라남,35.2727211258486,126.514002784983
오륜대-순교자-성지,오륜대 순교자 성지,성지,부산교구,부산광역시 금정구 오륜대로 106-1 오륜대 순교자 성지 사무실,부산,35.2457017239552,129.100901592687
요당리성지,요당리성지,순교사적지,수원교구,경기도 화성시 양감면 요당길 155,경기,37.0682931220462,126.930325422725
용산예수성심신학교-순례지,용산예수성심신학교 (순례지),순례지,서울대교구,서울특별시 용산구 원효로19길 49 (원효로4가) 성심여자고등학교 내,서울,37.534209370461,126.95459335968
용소막-성당,용소막 성당,순례지,원주교구,강원특별자치도 원주시 신림면 구학산로 1857,강원,37.2122028592964,128.087171537699
용수-성지,용수 성지,순교사적지,제주교구,제주특별자치도 한경면 용수1길 108,제주,33.3228626331132,126.167730757441
우곡-성지,우곡 성지,순례지,안동교구,경상북도 봉화군 봉성면 시거리길 397,경상북,36.9468719661268,128.828893966618
우포도청-터,우포도청 터,순교사적지,서울대교구,서울특별시 종로구 종로 6 (서린동),서울,37.5698416253417,126.978096062325
울산-병영-순교-성지,울산 병영 순교 성지,성지,부산교구,울산광역시 중구 외솔큰길 241,울산,35.5710749165026,129.350524207957
원머리성지,원머리성지,순교사적지,대전교구,충청남도 당진시 신평면 한정리 233,충청남,36.8994872176692,126.791193425014
은이골배마실성지,은이·골배마실성지,순교사적지,수원교구,경기도 용인시 처인구 양지면 은이로 182,경기,37.2159272883431,127.277768675588
의금부-터,의금부 터,순교사적지,서울대교구,서울특별시 종로구 종로 6 (서린동),서울,37.5698416253417,126.978096062325
의정부-주교좌성당,의정부 주교좌성당,순례지,의정부교구,경기도 의정부시 신흥로265번길 27,경기,37.7397350820376,127.041439736974
이승훈-베드로-묘,이승훈 베드로 묘,순교사적지,인천교구,인천광역시 남동구 장수동 산 132-1,인천,37.4553642558465,126.744234422954
춘천교구-주교관과-교육원,춘천교구 주교관과 교육원,순례지,춘천교구,강원특별자치도 춘천시 공지로 300,강원,37.8679979511748,127.731784059121
일만위순교자현양동산,일만위순교자현양동산,순례지,인천교구,인천광역시 강화군 내가면 고비고개로741번길 107,인천,37.714186858117,126.414085487182
임당동-순례-성당-순교자-심능석-스테파노,임당동 순례 성당 (순교자 심능석 스테파노),순례지,춘천교구,강원특별자치도 강릉시 임영로 148 (임당동),강원,37.7542322235694,128.89240286547
전동성당,전동성당,성지,전주교구,전북특별자치도 전주시 완산구 태조로 51,전북,35.8132038044753,127.149574658463
전옥서-터,전옥서 터,순교사적지,서울대교구,서울특별시 종로구 청계천로 41 (서린동),서울,37.5696679696981,126.982179278549
전주숲정이성지,전주숲정이성지,순교사적지,전주교구,전북특별자치도 전주시 덕진구 공북로 19,전북,35.8254568282324,127.133471514756
전주옥터,전주옥터,순교사적지,전주교구,전북특별자치도 전주시 완산구 현무1길 20 한국전통문화의전당 후문,전북,35.8205463417058,127.148217143505
절두산-순교성지,절두산 순교성지,성지,서울대교구,서울특별시 마포구 토정로 6 (합정동),서울,37.5441354407025,126.911793575318
제물진두-순교-성지,제물진두 순교 성지,성지,인천교구,인천광역시 중구 제물량로 240 (항동),인천,37.4735583668325,126.618540405749
조씨-형제-순교자-묘,조씨 형제 순교자 묘,순교사적지,부산교구,부산광역시 강서구 생곡길26번길 9-19,부산,35.1298334715669,128.880613436947
종로성당-순례지,종로성당 (순례지),순례지,서울대교구,서울특별시 종로구 동순라길 8 (인의동),서울,37.571208437479,126.996647664814
좌포도청-터,좌포도청 터,순교사적지,서울대교구,"서울특별시 종로구 돈화문로 28 (묘동) 종로3가역 9번출구, 치안센터 앞",서울,37.5712443657225,126.992328395433
계산-주교좌성당,계산 주교좌성당,순례지,대구대교구,대구광역시 중구 서성로 10 (계산동2가),대구,35.8733228459425,128.587063058088
죽림굴-신앙-사적지,죽림굴 신앙 사적지,순교사적지,부산교구,울산광역시 울주군 상북면 억새벌길 200-78,울산,35.5432099425339,129.022506020448
죽림동-순교-성지,죽림동 순교 성지,성지,춘천교구,강원특별자치도 춘천시 약사고개길 21 (성직자 묘역 내),강원,37.8766141656542,127.726564978814
죽산성지,죽산성지,성지,수원교구,경기도 안성시 일죽면 종배길 115,경기,37.0749704756217,127.449403592883
중림동-약현성당-순례지,중림동 약현성당 (순례지),순례지,서울대교구,서울특별시 중구 청파로 447-1 (중림동),서울,37.5591934088751,126.966980133221
지석리성지,지석리성지,순교사적지,대전교구,충청남도 부여군 충화면 지석리 368-1,충청남,36.1869085872077,126.802463138515
진목정-성지,진목정 성지,순교사적지,대구대교구,경상북도 경주시 산내면 수의길 192,경상북,35.7530509120762,129.07607164538
진무영-순교-성지,진무영 순교 성지,성지,인천교구,인천광역시 강화군 강화읍 북문길 41,인천,37.7505202176429,126.484822205339
진산성지,진산성지,순교사적지,대전교구,충청남도 금산군 진산면 실학로 207,충청남,36.1801322824369,127.353464939589
진안리-성지,진안리 성지,순교사적지,안동교구,경상북도 문경시 문경읍 새재로 600,경상북,36.7371455940123,128.090755903722
참회와-속죄의-성당,참회와 속죄의 성당,순교사적지,의정부교구,경기도 파주시 탄현면 성동로 111,경기,37.7810657817339,126.695031763296
천진암성지,천진암성지,성지,수원교구,경기도 광주시 퇴촌면 천진암로 1203,경기,37.4235731251015,127.388398918509
천호성지,천호성지,성지,전주교구,전북특별자치도 완주군 비봉면 천호성지길 124,전북,36.0381635772163,127.130857159822
서운동-순교-성지,서운동 순교 성지,성지,청주교구,충청북도 청주시 상당구 대성로 41 서운동 성당,충청북,36.6289605939212,127.492732283914
초남이성지,초남이성지,순교사적지,전주교구,전북특별자치도 완주군 이서면 초남신기길 122-1,전북,35.8550820577926,127.022524265898
초록바위순교터,초록바위순교터,순교사적지,전주교구,전북특별자치도 전주시 완산구 전주천서로 123 동완산동 산 1-9,전북,35.8106038223894,127.147698881066
치명자산성지,치명자산성지,성지,전주교구,전북특별자치도 전주시 완산구 바람쐬는길 120,전북,35.8032200818729,127.167609700586
포천-순교-성지-복자-홍인-레오-순교터,포천 순교 성지 (복자 홍인 레오 순교터),순교사적지,춘천교구,경기도 포천시 군내면 호국로 1564,경기,37.8931695424357,127.20387809172
풍수원-성당,풍수원 성당,순교사적지,원주교구,강원특별자치도 횡성군 서원면 경강로유현1길 30,강원,37.5290314857385,127.818682291227
한국-순교자-103위-시성-터-순례지,한국 순교자 103위 시성 터 (순례지),순례지,서울대교구,서울특별시 영등포구 여의공원로 68 (여의도동),서울,37.5268088229325,126.922284053463
한국-천주교회-창립-터,한국 천주교회 창립 터,순교사적지,서울대교구,서울특별시 종로구 청계천로 105 (관수동) 전태일 기념관 앞,서울,37.5684664512813,126.989300313392
한티순교성지,한티순교성지,성지,대구대교구,경상북도 칠곡군 동명면 한티로1길 69,경상북,36.0165760535357,128.630451120372
합덕성당,합덕성당,순교사적지,대전교구,충청남도 당진시 합덕읍 합덕성당2길 22,충청남,36.7924738681208,126.785856734714
해미순교자국제성지,해미순교자국제성지,성지,대전교구,충청남도 서산시 해미면 성지1로 13,충청남,36.7128749230616,126.537747173576
행정-공소-옹기마을-신앙촌,행정 공소 (옹기마을 신앙촌),순례지,춘천교구,강원특별자치도 강릉시 연곡면 행정2길 14,강원,37.8539357293386,128.78899078314
행주-성당,행주 성당,순례지,의정부교구,경기도 고양시 덕양구 행주산성로144번길 50,경기,37.6022511776908,126.816790406812
형조-터,형조 터,순교사적지,서울대교구,서울특별시 종로구 세종대로 175 (세종로),서울,37.5718478584908,126.976168275947
홍주순교성지,홍주순교성지,성지,대전교구,충청남도 홍성군 홍성읍 조양로 108 (오관리),충청남,36.6024648947856,126.661789056765
홍천-성당-등록문화재-162호,홍천 성당 (등록문화재 162호),순례지,춘천교구,강원특별자치도 홍천군 홍천읍 마지기로 54,강원,37.6949532669564,127.886956864961
광암이벽요한세례자-진묘터와-생가터,광암이벽요한세례자 진묘터와 생가터,순교사적지,춘천교구,경기도 포천시 화현면 화동로477번길 31,경기,37.9080675044421,127.305071299366
황경한-묘소,황경한 묘소,순례지,제주교구,제주특별자치도 제주시 추자면 신양리 산20-1,제주,33.9490277462768,126.340062809851
황무실성지,황무실성지,순교사적지,대전교구,충청남도 당진시 합덕읍 석우리 1013,충청남,36.7822579458991,126.737624062379
황사영-알렉시오-순교자-묘,황사영 알렉시오 순교자 묘,순교사적지,의정부교구,경기도 양주시 장흥면 가마골로 270,경기,37.7419228608111,126.976797543211
황사평-성지,황사평 성지,순례지,제주교구,제주특별자치도 제주시 기와5길 117-22,제주,33.4904959208983,126.559877172184
황새바위순교성지,황새바위순교성지,성지,대전교구,충청남도 공주시 왕릉로 118,충청남,36.4629464253685,127.119388572791
